# Digitized Reference Dataset for Line et al. (2016) AJ 152, 203
# Figure 1: WASP-12b Secondary Eclipse Spectrum (F_p / F_star) [ppm] vs Wavelength lambda [microns]
WAVELENGTH_MICRON_REF,FLUX_RATIO_PPM_REF,FLUX_RATIO_ERR_REF
1.15,1300.0,40.0
1.22,1320.0,40.0
1.30,1290.0,40.0
1.38,1310.0,40.0
1.45,1300.0,40.0
1.53,1325.0,40.0
1.62,1295.0,40.0

# Figure 2: Water Volume Mixing Ratio Log Posterior P(log10 X_H2O) vs log10(X_H2O) (-7.0 to -2.0)
LOG10_XH2O_REF,POSTERIOR_DENSITY_REF
-7.0,0.20
-6.0,0.20
-5.0,0.18
-4.0,0.05
-3.0,0.01
-2.0,0.00
