# Digitized Reference Dataset for Pinhas et al. (2019) MNRAS 482, 1485
# Figure 1: WASP-31b Transmission Spectrum (R_p / R_star)^2 [%] vs Wavelength lambda [microns]
WAVELENGTH_MICRON_REF,TRANSIT_DEPTH_PCT_REF,TRANSIT_DEPTH_ERR_PCT_REF
0.35,1.55,0.02
0.589,1.57,0.02
0.75,1.53,0.02
1.4,1.55,0.015
2.0,1.51,0.02
3.6,1.48,0.02
4.5,1.47,0.02

# Figure 2: Water Volume Mixing Ratio log10 X_H2O vs Equilibrium Temperature T_eq [K] (10 hot Jupiters)
TEQ_K_REF,LOG10_XH2O_REF
800.0,-4.5
1100.0,-4.8
1300.0,-5.2
1550.0,-5.6
1800.0,-5.0
2000.0,-4.2
2200.0,-3.5
