eccentricity,p_gan_k2q_0001_tw,p_gan_k2q_0010_tw,p_gan_k2q_0040_tw,p_cal_k2q_0001_tw,p_cal_k2q_0010_tw,p_cal_k2q_0040_tw
0.00000,0.000000,0.000000,0.000000,0.000000,0.000000,0.000000
0.00100,0.002164,0.021636,0.086544,0.000020,0.000201,0.000804
0.00200,0.008654,0.086544,0.346177,0.000080,0.000804,0.003215
0.00300,0.019472,0.194725,0.778898,0.000181,0.001809,0.007235
0.00400,0.034618,0.346177,1.384708,0.000322,0.003215,0.012861
0.00500,0.054090,0.540902,2.163607,0.000502,0.005024,0.020096
0.00600,0.077890,0.778898,3.115594,0.000723,0.007235,0.028938
0.00700,0.106017,1.060167,4.240669,0.000985,0.009847,0.039388
0.00800,0.138471,1.384708,5.538833,0.001286,0.012861,0.051446
0.00900,0.175252,1.752521,7.010086,0.001628,0.016278,0.065111
0.01000,0.216361,2.163607,8.654427,0.002010,0.020096,0.080384
0.01100,0.261796,2.617964,10.471856,0.002432,0.024316,0.097265
0.01200,0.311559,3.115594,12.462374,0.002894,0.028938,0.115753
0.01300,0.365650,3.656495,14.625981,0.003396,0.033962,0.135849
0.01400,0.424067,4.240669,16.962676,0.003939,0.039388,0.157553
0.01500,0.486811,4.868115,19.472460,0.004522,0.045216,0.180864
0.01600,0.553883,5.538833,22.155332,0.005145,0.051446,0.205783
0.01700,0.625282,6.252823,25.011293,0.005808,0.058077,0.232310
0.01800,0.701009,7.010086,28.040342,0.006511,0.065111,0.260444
0.01900,0.781062,7.810620,31.242480,0.007255,0.072547,0.290186
0.02000,0.865443,8.654427,34.617706,0.008038,0.080384,0.321536
0.02100,0.954151,9.541505,38.166021,0.008862,0.088623,0.354494
0.02200,1.047186,10.471856,41.887425,0.009726,0.097265,0.389059
0.02300,1.144548,11.445479,45.781917,0.010631,0.106308,0.425232
0.02400,1.246237,12.462374,49.849497,0.011575,0.115753,0.463012
0.02500,1.352254,13.522542,54.090166,0.012560,0.125600,0.502400
0.02600,1.462598,14.625981,58.503924,0.013585,0.135849,0.543396
0.02700,1.577269,15.772692,63.090770,0.014650,0.146500,0.586000
0.02800,1.696268,16.962676,67.850704,0.015755,0.157553,0.630211
0.02900,1.819593,18.195932,72.783727,0.016901,0.169007,0.676030
0.03000,1.947246,19.472460,77.889839,0.018086,0.180864,0.723456
0.03100,2.079226,20.792260,83.169039,0.019312,0.193123,0.772491
0.03200,2.215533,22.155332,88.621328,0.020578,0.205783,0.823133
0.03300,2.356168,23.561676,94.246705,0.021885,0.218846,0.875382
0.03400,2.501129,25.011293,100.045171,0.023231,0.232310,0.929240
0.03500,2.650418,26.504181,106.016726,0.024618,0.246176,0.984705
0.03600,2.804034,28.040342,112.161368,0.026044,0.260444,1.041777
0.03700,2.961977,29.619775,118.479100,0.027511,0.275114,1.100458
0.03800,3.124248,31.242480,124.969920,0.029019,0.290186,1.160746
0.03900,3.290846,32.908457,131.633828,0.030566,0.305660,1.222641
0.04000,3.461771,34.617706,138.470825,0.032154,0.321536,1.286145
0.04100,3.637023,36.370228,145.480911,0.033781,0.337814,1.351256
0.04200,3.816602,38.166021,152.664085,0.035449,0.354494,1.417975
0.04300,4.000509,40.005087,160.020347,0.037158,0.371575,1.486301
0.04400,4.188742,41.887425,167.549698,0.038906,0.389059,1.556235
0.04500,4.381303,43.813035,175.252138,0.040694,0.406944,1.627777
0.04600,4.578192,45.781917,183.127666,0.042523,0.425232,1.700926
0.04700,4.779407,47.794071,191.176283,0.044392,0.443921,1.775684
0.04800,4.984950,49.849497,199.397988,0.046301,0.463012,1.852048
0.04900,5.194820,51.948196,207.792782,0.048251,0.482505,1.930021
0.05000,5.409017,54.090166,216.360664,0.050240,0.502400,2.009601
0.05100,5.627541,56.275409,225.101635,0.052270,0.522697,2.090789
0.05200,5.850392,58.503924,234.015695,0.054340,0.543396,2.173585
0.05300,6.077571,60.775711,243.102842,0.056450,0.564497,2.257988
0.05400,6.309077,63.090770,252.363079,0.058600,0.586000,2.343999
0.05500,6.544910,65.449101,261.796404,0.060790,0.607904,2.431617
0.05600,6.785070,67.850704,271.402817,0.063021,0.630211,2.520844
0.05700,7.029558,70.295580,281.182319,0.065292,0.652919,2.611678
0.05800,7.278373,72.783727,291.134910,0.067603,0.676030,2.704119
0.05900,7.531515,75.315147,301.260589,0.069954,0.699542,2.798169
0.06000,7.788984,77.889839,311.559357,0.072346,0.723456,2.893826
0.06100,8.050780,80.507803,322.031213,0.074777,0.747773,2.991090
0.06200,8.316904,83.169039,332.676157,0.077249,0.772491,3.089963
0.06300,8.587355,85.873548,343.494191,0.079761,0.797611,3.190443
0.06400,8.862133,88.621328,354.485312,0.082313,0.823133,3.292530
0.06500,9.141238,91.412381,365.649523,0.084906,0.849056,3.396226
0.06600,9.424671,94.246705,376.986821,0.087538,0.875382,3.501529
0.06700,9.712430,97.124302,388.497209,0.090211,0.902110,3.608440
0.06800,10.004517,100.045171,400.180685,0.092924,0.929240,3.716958
0.06900,10.300931,103.009312,412.037249,0.095677,0.956771,3.827084
0.07000,10.601673,106.016726,424.066902,0.098470,0.984705,3.938818
0.07100,10.906741,109.067411,436.269644,0.101304,1.013040,4.052160
0.07200,11.216137,112.161368,448.645474,0.104178,1.041777,4.167109
0.07300,11.529860,115.298598,461.194392,0.107092,1.070916,4.283666
0.07400,11.847910,118.479100,473.916399,0.110046,1.100458,4.401830
0.07500,12.170287,121.702874,486.811495,0.113040,1.130401,4.521602
0.07600,12.496992,124.969920,499.879679,0.116075,1.160746,4.642982
0.07700,12.828024,128.280238,513.120951,0.119149,1.191492,4.765970
0.07800,13.163383,131.633828,526.535313,0.122264,1.222641,4.890565
0.07900,13.503069,135.030691,540.122762,0.125419,1.254192,5.016768
0.08000,13.847083,138.470825,553.883301,0.128614,1.286145,5.144579
