time_myr,a_jupiter_au,a_saturn_au,a_uranus_au,a_neptune_au,neptune_kuiper_edge_au
0.00,5.4000,8.5000,11.5000,14.5000,23.2000
0.25,5.3952,8.5267,11.6901,14.8844,23.8151
0.50,5.3904,8.5528,11.8756,15.2594,24.4150
0.75,5.3858,8.5782,12.0564,15.6250,25.0001
1.00,5.3813,8.6030,12.2328,15.9817,25.5707
1.25,5.3770,8.6271,12.4049,16.3295,26.1272
1.50,5.3727,8.6507,12.5727,16.6688,26.6700
1.75,5.3685,8.6737,12.7363,16.9997,27.1994
2.00,5.3645,8.6961,12.8960,17.3224,27.7158
2.25,5.3605,8.7180,13.0516,17.6371,28.2194
2.50,5.3566,8.7393,13.2035,17.9441,28.7105
2.75,5.3529,8.7601,13.3515,18.2435,29.1895
3.00,5.3492,8.7804,13.4960,18.5355,29.6567
3.25,5.3456,8.8002,13.6368,18.8202,30.1124
3.50,5.3421,8.8195,13.7742,19.0980,30.5568
3.75,5.3387,8.8384,13.9082,19.3689,30.9902
4.00,5.3354,8.8567,14.0389,19.6331,31.4130
4.25,5.3321,8.8746,14.1663,19.8908,31.8253
4.50,5.3290,8.8921,14.2906,20.1421,32.2274
4.75,5.3259,8.9091,14.4119,20.3872,32.6196
5.00,5.3229,8.9257,14.5301,20.6263,33.0021
5.25,5.3199,8.9419,14.6454,20.8595,33.3752
5.50,5.3171,8.9577,14.7579,21.0869,33.7390
5.75,5.3143,8.9732,14.8676,21.3087,34.0939
6.00,5.3116,8.9882,14.9746,21.5250,34.4400
6.25,5.3089,9.0028,15.0790,21.7360,34.7776
6.50,5.3063,9.0171,15.1807,21.9417,35.1068
6.75,5.3038,9.0311,15.2800,22.1424,35.4279
7.00,5.3013,9.0447,15.3768,22.3382,35.7411
7.25,5.2989,9.0580,15.4712,22.5291,36.0465
7.50,5.2966,9.0709,15.5633,22.7153,36.3444
7.75,5.2943,9.0835,15.6531,22.8968,36.6349
8.00,5.2921,9.0958,15.7407,23.0739,36.9183
8.25,5.2899,9.1078,15.8262,23.2467,37.1947
8.50,5.2878,9.1195,15.9095,23.4151,37.4642
8.75,5.2857,9.1310,15.9907,23.5795,37.7271
9.00,5.2837,9.1421,16.0700,23.7397,37.9835
9.25,5.2817,9.1530,16.1473,23.8960,38.2336
9.50,5.2798,9.1635,16.2227,24.0484,38.4775
9.75,5.2779,9.1739,16.2962,24.1971,38.7154
10.00,5.2761,9.1840,16.3680,24.3421,38.9474
10.25,5.2743,9.1938,16.4379,24.4835,39.1737
10.50,5.2726,9.2034,16.5061,24.6215,39.3944
10.75,5.2709,9.2127,16.5727,24.7560,39.6096
11.00,5.2692,9.2218,16.6376,24.8872,39.8195
11.25,5.2676,9.2307,16.7009,25.0152,40.0243
11.50,5.2661,9.2394,16.7626,25.1400,40.2239
11.75,5.2645,9.2479,16.8228,25.2617,40.4187
12.00,5.2630,9.2561,16.8815,25.3804,40.6086
12.25,5.2616,9.2642,16.9388,25.4962,40.7939
12.50,5.2602,9.2720,16.9946,25.6091,40.9746
12.75,5.2588,9.2797,17.0491,25.7193,41.1508
13.00,5.2574,9.2871,17.1022,25.8267,41.3227
13.25,5.2561,9.2944,17.1541,25.9314,41.4903
13.50,5.2548,9.3015,17.2046,26.0336,41.6538
13.75,5.2536,9.3084,17.2539,26.1333,41.8133
14.00,5.2523,9.3152,17.3020,26.2305,41.9688
14.25,5.2511,9.3218,17.3488,26.3253,42.1205
14.50,5.2500,9.3282,17.3946,26.4177,42.2684
14.75,5.2488,9.3345,17.4392,26.5079,42.4127
15.00,5.2477,9.3406,17.4827,26.5959,42.5534
15.25,5.2467,9.3465,17.5251,26.6816,42.6906
15.50,5.2456,9.3523,17.5665,26.7653,42.8245
15.75,5.2446,9.3580,17.6068,26.8469,42.9550
16.00,5.2436,9.3635,17.6462,26.9265,43.0824
16.25,5.2426,9.3689,17.6846,27.0041,43.2065
16.50,5.2416,9.3742,17.7220,27.0798,43.3277
16.75,5.2407,9.3793,17.7585,27.1536,43.4458
17.00,5.2398,9.3843,17.7942,27.2256,43.5610
17.25,5.2389,9.3892,17.8289,27.2958,43.6734
17.50,5.2381,9.3940,17.8628,27.3643,43.7829
17.75,5.2372,9.3986,17.8958,27.4311,43.8898
18.00,5.2364,9.4031,17.9280,27.4963,43.9941
18.25,5.2356,9.4076,17.9595,27.5598,44.0957
18.50,5.2348,9.4119,17.9901,27.6218,44.1949
18.75,5.2341,9.4161,18.0200,27.6823,44.2916
19.00,5.2333,9.4202,18.0492,27.7412,44.3859
19.25,5.2326,9.4242,18.0776,27.7987,44.4779
19.50,5.2319,9.4281,18.1053,27.8548,44.5677
19.75,5.2312,9.4319,18.1324,27.9095,44.6552
20.00,5.2305,9.4356,18.1588,27.9628,44.7405
20.25,5.2299,9.4392,18.1845,28.0149,44.8238
20.50,5.2292,9.4427,18.2096,28.0656,44.9050
20.75,5.2286,9.4461,18.2341,28.1151,44.9841
21.00,5.2280,9.4495,18.2580,28.1634,45.0614
21.25,5.2274,9.4528,18.2812,28.2104,45.1367
21.50,5.2268,9.4560,18.3040,28.2563,45.2101
21.75,5.2263,9.4591,18.3261,28.3011,45.2818
22.00,5.2257,9.4621,18.3477,28.3448,45.3517
22.25,5.2252,9.4651,18.3688,28.3874,45.4198
22.50,5.2247,9.4680,18.3893,28.4289,45.4863
22.75,5.2241,9.4708,18.4094,28.4695,45.5511
23.00,5.2237,9.4735,18.4289,28.5090,45.6144
23.25,5.2232,9.4762,18.4480,28.5475,45.6760
23.50,5.2227,9.4788,18.4666,28.5851,45.7362
23.75,5.2222,9.4814,18.4847,28.6218,45.7948
24.00,5.2218,9.4838,18.5024,28.6575,45.8520
24.25,5.2213,9.4863,18.5196,28.6924,45.9078
24.50,5.2209,9.4886,18.5365,28.7264,45.9623
24.75,5.2205,9.4909,18.5529,28.7596,46.0153
25.00,5.2201,9.4932,18.5689,28.7919,46.0671
25.25,5.2197,9.4954,18.5845,28.8235,46.1176
25.50,5.2193,9.4975,18.5997,28.8543,46.1668
25.75,5.2189,9.4996,18.6145,28.8843,46.2149
26.00,5.2186,9.5016,18.6290,28.9136,46.2617
26.25,5.2182,9.5036,18.6431,28.9421,46.3074
26.50,5.2178,9.5056,18.6569,28.9700,46.3519
26.75,5.2175,9.5074,18.6703,28.9971,46.3954
27.00,5.2172,9.5093,18.6835,29.0236,46.4378
27.25,5.2168,9.5111,18.6962,29.0494,46.4791
27.50,5.2165,9.5128,18.7087,29.0746,46.5194
27.75,5.2162,9.5145,18.7208,29.0992,46.5587
28.00,5.2159,9.5162,18.7327,29.1232,46.5971
28.25,5.2156,9.5178,18.7443,29.1466,46.6345
28.50,5.2153,9.5194,18.7555,29.1694,46.6710
28.75,5.2151,9.5210,18.7665,29.1916,46.7066
29.00,5.2148,9.5225,18.7773,29.2133,46.7413
29.25,5.2145,9.5239,18.7877,29.2344,46.7751
29.50,5.2143,9.5254,18.7979,29.2551,46.8081
29.75,5.2140,9.5268,18.8079,29.2752,46.8403
30.00,5.2138,9.5281,18.8176,29.2948,46.8717
30.25,5.2135,9.5295,18.8271,29.3140,46.9023
30.50,5.2133,9.5308,18.8363,29.3326,46.9322
30.75,5.2131,9.5320,18.8453,29.3508,46.9613
31.00,5.2128,9.5333,18.8541,29.3686,46.9897
31.25,5.2126,9.5345,18.8626,29.3859,47.0174
31.50,5.2124,9.5356,18.8710,29.4028,47.0445
31.75,5.2122,9.5368,18.8791,29.4193,47.0708
32.00,5.2120,9.5379,18.8871,29.4353,47.0965
32.25,5.2118,9.5390,18.8948,29.4510,47.1216
32.50,5.2116,9.5400,18.9024,29.4663,47.1461
32.75,5.2114,9.5411,18.9098,29.4812,47.1699
33.00,5.2112,9.5421,18.9170,29.4957,47.1932
33.25,5.2111,9.5431,18.9240,29.5099,47.2159
33.50,5.2109,9.5440,18.9308,29.5237,47.2380
33.75,5.2107,9.5450,18.9375,29.5372,47.2596
34.00,5.2105,9.5459,18.9440,29.5504,47.2806
34.25,5.2104,9.5468,18.9503,29.5632,47.3011
34.50,5.2102,9.5477,18.9565,29.5757,47.3212
34.75,5.2101,9.5485,18.9626,29.5879,47.3407
35.00,5.2099,9.5493,18.9684,29.5998,47.3597
35.25,5.2098,9.5501,18.9742,29.6114,47.3783
35.50,5.2096,9.5509,18.9798,29.6228,47.3964
35.75,5.2095,9.5517,18.9853,29.6338,47.4141
36.00,5.2094,9.5524,18.9906,29.6446,47.4313
36.25,5.2092,9.5532,18.9958,29.6551,47.4481
36.50,5.2091,9.5539,19.0008,29.6653,47.4645
36.75,5.2090,9.5546,19.0058,29.6753,47.4805
37.00,5.2088,9.5552,19.0106,29.6851,47.4961
37.25,5.2087,9.5559,19.0153,29.6946,47.5113
37.50,5.2086,9.5566,19.0199,29.7038,47.5261
37.75,5.2085,9.5572,19.0244,29.7129,47.5406
38.00,5.2084,9.5578,19.0287,29.7217,47.5547
38.25,5.2083,9.5584,19.0330,29.7303,47.5685
38.50,5.2082,9.5590,19.0371,29.7387,47.5819
38.75,5.2081,9.5595,19.0412,29.7469,47.5950
39.00,5.2080,9.5601,19.0451,29.7548,47.6077
39.25,5.2079,9.5606,19.0490,29.7626,47.6202
39.50,5.2078,9.5612,19.0527,29.7702,47.6323
39.75,5.2077,9.5617,19.0564,29.7776,47.6442
40.00,5.2076,9.5622,19.0600,29.7848,47.6557
40.25,5.2075,9.5627,19.0634,29.7919,47.6670
40.50,5.2074,9.5631,19.0668,29.7987,47.6780
40.75,5.2073,9.5636,19.0701,29.8054,47.6887
41.00,5.2072,9.5641,19.0734,29.8120,47.6991
41.25,5.2072,9.5645,19.0765,29.8183,47.7093
41.50,5.2071,9.5649,19.0796,29.8245,47.7193
41.75,5.2070,9.5654,19.0826,29.8306,47.7290
42.00,5.2069,9.5658,19.0855,29.8365,47.7384
42.25,5.2069,9.5662,19.0884,29.8423,47.7477
42.50,5.2068,9.5666,19.0912,29.8479,47.7566
42.75,5.2067,9.5669,19.0939,29.8534,47.7654
43.00,5.2067,9.5673,19.0965,29.8587,47.7740
43.25,5.2066,9.5677,19.0991,29.8640,47.7823
43.50,5.2065,9.5680,19.1016,29.8690,47.7905
43.75,5.2065,9.5684,19.1041,29.8740,47.7984
44.00,5.2064,9.5687,19.1065,29.8788,47.8061
44.25,5.2063,9.5690,19.1088,29.8836,47.8137
44.50,5.2063,9.5694,19.1111,29.8882,47.8211
44.75,5.2062,9.5697,19.1133,29.8927,47.8282
45.00,5.2062,9.5700,19.1154,29.8970,47.8353
45.25,5.2061,9.5703,19.1176,29.9013,47.8421
45.50,5.2061,9.5706,19.1196,29.9055,47.8487
45.75,5.2060,9.5708,19.1216,29.9095,47.8552
46.00,5.2060,9.5711,19.1236,29.9135,47.8616
46.25,5.2059,9.5714,19.1255,29.9174,47.8678
46.50,5.2059,9.5717,19.1274,29.9211,47.8738
46.75,5.2058,9.5719,19.1292,29.9248,47.8797
47.00,5.2058,9.5722,19.1310,29.9284,47.8854
47.25,5.2057,9.5724,19.1327,29.9319,47.8910
47.50,5.2057,9.5726,19.1344,29.9353,47.8965
47.75,5.2057,9.5729,19.1360,29.9386,47.9018
48.00,5.2056,9.5731,19.1376,29.9419,47.9070
48.25,5.2056,9.5733,19.1392,29.9450,47.9120
48.50,5.2055,9.5735,19.1407,29.9481,47.9170
48.75,5.2055,9.5737,19.1422,29.9511,47.9218
49.00,5.2055,9.5739,19.1437,29.9541,47.9265
49.25,5.2054,9.5741,19.1451,29.9569,47.9311
49.50,5.2054,9.5743,19.1465,29.9597,47.9355
49.75,5.2054,9.5745,19.1478,29.9624,47.9399
50.00,5.2053,9.5747,19.1491,29.9651,47.9441
